"","cytokine","PC1","PC2","PC3","PC4","PC5","PC6","PC7","PC8","PC9","PC10","PC11","PC12","PC13","PC14","PC15","PC16","PC17","PC18","PC19","PC20","PC21","PC22","PC23","PC24","PC25","PC26","PC27","PC28","PC29","PC30","PC31","PC32"
"1","EGF",0.182696233628192,0.0509297182606418,-0.0949958952027409,-0.0318096422316318,-0.0940436034483456,-0.0986165521412527,-0.189492547065833,-0.0829236361250765,-0.0211949286480431,-0.0638388555610745,0.00606686725793412,-0.0774948732999201,-0.143251692211684,0.0936564839829356,0.0212107258273613,-0.021536698348818,-0.0558253045712052,-0.00700396463416315,0.0346671319181322,0.149959820681941,-0.115608822759199,0.0902892916000568,0.198834092409184,0.0248779819099935,0.214672559951774,0.0829844254152968,0.137382135525035,0.278252286914557,-0.00167400097007975,0.142445989793498,-0.0188359700561104,-0.169032223805852
"2","FGF-2",0.163440933000844,-0.162268144505402,0.141175017059521,0.0251470151012299,-0.0534800543400744,-0.0107278975274398,-0.071010048811287,-0.0458264204783645,0.00490465900836206,0.0457795169028275,0.0613594835959045,-0.116356481927873,0.113595296993488,-0.125483705780017,0.00677654197251787,0.0734388299382822,0.115159865857569,0.176416164892036,-0.0386118696339557,-0.208691851802324,-0.230566359985741,0.0192564076901607,0.00674696390972179,0.213752524481901,0.0127716257711741,-0.290215311231265,-0.000824976168959484,0.233782660574093,-0.172611781651434,0.0867024420509155,-0.235638600194317,-0.0252415621180875
"3","Eotaxin",-0.0292313055903157,0.0565636112242759,-0.0557288722242914,0.191119278572207,0.135859411875279,0.227475543167883,0.0493553410381374,-0.2425830643928,0.109612462994791,0.0844826370610232,0.182170178739147,0.22887980053288,0.140957365899775,-0.164569874063001,-0.271089326849777,0.118470360341673,0.342228896289205,-0.425702861574017,0.0814551213152886,0.178033071554004,-0.0475920930139633,0.0445464115018243,-0.172243415591468,-0.0681082941278382,0.0710810649315674,0.0909387868050742,0.203907311365173,0.192553657134685,0.108412365245622,0.127171363593188,-0.202109061770446,0.012322570319167
"4","TGF-a",0.117325036474539,-0.0336602201647167,0.243406921494759,-0.0661416341423331,0.158166058115049,0.165373688346915,-0.0912225019615879,0.0244258772692894,-0.0707973281853684,0.039353378882021,0.0304636314700178,0.0652171861594374,0.0974290447635262,-0.0679246873570943,0.0224130513046923,-0.111977048727597,-0.0578890401096029,-0.159194831903327,0.0630813720534233,-0.119718919226678,0.246286014629425,-0.0497334722420118,0.0821375978655536,-0.135002879499936,0.0245930792798673,-0.00358057482341299,0.0673334628456505,-0.217274498847038,-0.0660193258181971,-0.0684983864218056,-0.0318321056116383,-0.0474512668730213
"5","G-CSF",0.0599247513668136,-0.18798050767552,0.188298029015004,0.0980455165798466,-0.243562603040832,0.103146384575956,0.0549205749658877,0.0427371934907273,-0.0156066877435716,-0.0836967779375962,-0.029479934778666,0.113870747126023,-0.0149642160073599,0.0311897772393294,-0.00850720875390095,-0.0941005129292997,-0.0274162093164998,-0.0122726606209359,0.0537187913516308,0.0427030175878634,0.118127611513795,-0.081130030194402,-0.0646997866064913,-0.0828237614884672,-0.0571244037649878,-0.0546382251823664,-0.0653547456008892,-0.00827366496571265,0.146766010079413,0.0458248852739427,0.0579546878047445,-0.0057436915934415
"6","Flt-3L",0.135334276932717,-0.210220967715117,-0.18860362190873,-0.0707017351993261,0.0077124499798706,-0.0349957724217393,0.0213906067165247,0.0197913035874277,-0.053342821696969,0.0163298173124708,-0.0101581403538364,-0.058012965206237,0.047649879353679,-0.0501383680382293,-0.00364020649032317,0.0151873191136531,0.0341364779702662,0.0791854270054797,0.0312023556994716,0.0326343956642614,0.0139195809801865,-0.101728005774009,-0.149633245507438,-0.0418932262250559,0.0257342320978057,-0.0612944257695206,0.0345789608391314,-0.0736376658173555,0.246568960451839,0.190510303206037,0.0299649000511388,-0.131973961858804
"7","GM-CSF",0.189404452816632,0.0122372089543483,0.0533351529174489,0.108968398513829,0.145824701158558,-0.0115742288944412,0.0125221480924318,-0.0724403011707046,0.0954799214003229,-0.0128497710972459,-0.0558844571156536,-0.111116093562848,0.110116675090351,-0.00315182846668391,-0.0600868884071115,-0.0572119393278554,0.0526435592699701,0.179873856110101,-0.0776495669191752,0.00180068953868957,-0.21468152084684,0.146186096688991,-0.0160364501867777,-0.0307784330765478,-0.0631242813767382,-0.0211000446258057,0.00653715242533911,0.139276988795918,-0.0118807567679869,-0.298643833258855,0.150842481068561,-0.00222285771659702
"8","Fractalkine",0.0140240106132429,-0.129642894255508,0.118833144917904,0.20832608142833,-0.233304191162262,-0.187177184369556,-0.122009373842053,-0.082150428407022,-0.112192292447415,-0.109344118884383,-0.032070294098893,0.176279167129741,0.00338875166135114,0.043677608324488,-0.022479235485144,-0.0622240494636924,0.031137622905806,-0.0172944403219732,-0.017558447441524,0.122424994360782,-0.0436035295293772,-0.0163461658065027,-0.0841206547954934,-0.0134569491827844,-0.0473002766865387,0.0244273380831768,-0.064884640307723,0.0422847995050265,0.0812520355600042,0.0585874665414366,0.155951835350625,0.0055455205549316
"9","IFNa2",0.100450745470684,0.0151679125813478,0.213631766205428,0.123124259773968,0.178447943762501,-0.105220742263698,-0.131230563657208,-0.190439963311773,-0.114334517966049,-0.1367705451306,-0.0612417833079468,0.0743277907447813,0.0544712807435871,0.0168795733635046,0.00350966597324167,-0.171208165344158,0.0742492349818811,-0.0492072525004397,0.00188073039248458,-0.184372322421381,-0.122931793314201,-0.0347689001780008,-0.0505276721856147,0.137071914160076,0.0306334452340326,-0.0515233463757055,0.00762114859259801,0.0355603125701066,-0.256766637882587,0.110194438054291,-0.0811868388059988,0.148473714470568
"10","IFNy",0.0254991999691871,-0.186833015407914,0.114603894229586,0.173891138808408,-0.294297421246445,-0.00404904612833263,0.0395279034953113,0.0551883512137131,0.0132779985986977,0.029410331117866,-0.0199623946558783,0.0736707851338753,-0.0278846468933669,0.00260530573768749,-0.0448121836554212,-0.0364743772885774,-0.0227242881372701,0.0966368828717794,0.0371161271156483,-0.0372581521882663,0.0687613120310455,-0.0670496880620497,-0.148880254299974,0.0513851155262692,0.0434002622842793,-0.0703595562306642,0.0320264913043587,0.113486059630054,-0.0340060089584945,-0.00583247360452369,-0.110134578955114,0.0360327409072299
"11","GRO-alpha",-0.0221504526496359,-0.0232567355879115,-0.0443186855463073,0.294609870095083,0.113057758836664,0.0360555130642725,-0.115337889451677,0.220428223922882,0.0650001098249686,0.271861494770388,0.219711600851839,0.0378473602638455,0.0259559494055533,0.160321455774212,-0.0364707836213596,0.0328513625336997,-0.241810500979474,-0.135731265506473,-0.0916465944353934,0.140044724357522,0.0697933431999892,0.0246786405200283,0.0582716836553866,0.0512842528122197,-0.180161125985589,-0.149879991538554,0.000732270727146519,0.0103851036084428,-0.143945591670181,0.120273647610524,0.138303674631208,0.139489523268171
"12","IL-10",0.144708845905322,0.0461227079291585,-0.0572469708540337,-0.0325541802689156,0.00282653731213684,-0.218010318294935,0.20588791449654,0.245456851524006,-0.163606246102348,0.0268549767834018,0.052197571528224,0.229786116108437,0.0564674891097466,-0.0285957849478868,-0.035073598643184,0.0644016435138709,0.112706671319673,0.0479130837666626,-0.274823249580475,-0.0602520216348505,-0.141558529410401,-0.00530900771929265,-0.117565174807813,0.00599391549859988,-0.169506954073032,0.224801412537419,-0.111442818459344,-0.191574702647326,-0.0414479417498397,0.076903328046265,-0.0897692205023558,0.277980502799835
"13","MCP-3",0.210538373029515,-0.0241408537933323,0.020726339453145,-0.0854469572645253,0.0697681391338809,0.0481968720326893,-0.0434947340625396,0.0200237215200206,-0.00651779818991724,0.0287124796054534,-0.0185077632693435,0.014662598367094,-0.0689617126660131,0.0685330790163624,0.118793108260531,0.0270295801663936,-0.024397836244133,-0.0420754193340499,-0.0184886681262994,0.0817003342302629,0.0431866937134131,-0.0669674795447194,-0.0679237481539504,-0.0488884620653132,-0.0574590074464224,-0.0201367789868307,-0.0170539129965589,0.0766266092804851,0.102331790948582,0.0288257854273449,0.0529548584213383,-0.0198053526528488
"14","IL-12P40",0.139633543728337,-0.0220008959897999,0.0843662300866794,0.113338170496262,0.17534020748343,-0.0460140391943605,0.0997082336745976,-0.221726176784125,0.00707093845335209,-0.2584801576216,-0.223485149146975,-0.00309199882268572,0.0428113187651965,0.0504756444344159,0.0492231167134952,-0.218956523930532,0.0390331023539087,-0.143944763809598,-0.128011995222618,0.0693384571842514,-0.171077006077131,0.0994414918294431,-0.0770867915780879,0.0545896722356364,-0.084385297955031,0.0253177652509965,-0.0391831377114475,0.00968497667221292,0.0736808993270931,-0.0320236461312195,0.209080454721168,-0.210372394195977
"15","MDC",-0.111262324693948,-0.0797334031091351,0.0390316535495326,-0.0595182666102685,-0.0423679849846079,-0.0388124505624573,-0.265383801268847,0.125714606452083,-0.0905848871346614,-0.0138328526768648,-0.32527178054496,-0.307081997806886,0.318964829800633,0.29708669271101,-0.138498632818228,0.0655621045013112,-0.136295575780359,-0.179270694333769,-0.274607088229765,-0.0706103829520089,0.131729913010567,0.201561302007188,-0.104201919118691,-0.012026585579149,-0.227321890086422,0.0825928450994889,0.16249126921353,0.085295818652839,0.0692055473424237,0.123847362211185,-0.273829192203176,-0.0421593069492211
"16","IL-12P70",0.0259303022893764,-0.185648590716196,0.117298999891123,0.115675294998045,-0.309524698783383,0.0541909624195511,0.0304177717724799,0.0653553079196106,-0.0381172380220123,-0.0712875836166481,-0.0309031892127746,0.163199519797868,-0.0949546641843365,0.0950395158060092,-0.0936283364244914,-0.168884178401663,0.0503779568947523,0.0523214878908647,0.0791133013565407,0.0370122781285883,0.0472787746493503,-0.0777870248676481,-0.0375098072910283,-0.0585294538073042,-0.0583114808630447,-0.0108865543637045,0.0719832741802934,0.0273655412120595,-0.0508238373765969,-0.0231216918842014,-0.0734479676479721,0.0351556004257351
"17","PDGF-AA",0.0611745023033376,-0.00259743891919706,0.183832116691495,0.263423443594256,0.143400554766918,0.0103250674422134,0.0283188566093933,0.0387881816676616,0.0235633802625683,-0.031690611193735,-0.0438614250656204,0.0289081266974378,-0.2527153689793,0.130438028569763,-0.264990679664318,0.0158154489047898,-0.0864392895190754,0.0886007179124672,0.140276273087529,-0.224606588522499,-0.133454289015954,0.112350127295281,0.229383944755334,-0.0271408487681075,0.0206284462613627,0.343458438016011,0.143726312629308,-0.241785214208435,0.00549924855819984,-0.142676356603607,-0.0969160516972931,-0.11615073030195
"18","IL-13",0.1952448621295,0.119722360409815,-0.0379644289777235,-0.0435727383381562,-0.076560546146597,0.0814845263572689,-0.10846178784979,-0.0339422613078473,0.062174457842866,0.0391253533199953,0.00360866135636749,-0.00608251260429124,0.0155791691309618,0.0726971214120689,0.0706707428267683,-0.0419400417834395,-0.00441180556969518,-0.0175822721146677,-0.00732243255204185,-0.00326153101920142,-0.0109337995631844,-0.139714197235231,0.0463628854128177,0.0419508871983948,-0.0753853214986901,0.0778445823776737,-0.0186316596092512,0.193891798152893,-0.0518159920705592,-0.0618653065640965,0.00143333125479278,0.0414186506523028
"19","PDGF-BB",0.0631692313156762,-0.0166072679387827,0.168569266768319,0.260136414011261,0.144113121039724,0.0415795102273464,0.00907561364784573,0.148621305973682,0.134463212583774,0.00130650101189454,0.111715281525473,-0.118902049326344,-0.00916562380569721,0.20434238054145,-0.11279585292311,0.0506144037794333,-0.134487097754797,-0.020218819505189,0.269306674927964,-0.297674880690161,0.0389559503282817,-0.105600951426099,-0.120337394021127,-0.0252554126953649,0.0859341226106122,-0.0832433479847062,-0.0731921349194348,0.0751775004171043,0.0589929430968978,0.254275400755027,0.274478525503079,0.0249492268949923
"20","IL-15",0.164965983207027,-0.128295227872868,-0.103543510682013,0.0469717543356902,0.130060203583492,-0.121712909174078,-0.0134857718891477,-0.0177393957138536,0.129159291527085,0.0505990749522916,-0.0200578870053693,0.0813445817005805,0.0852890066767805,-0.142864274639342,0.0652295413503066,0.103488263844923,-0.151096800181125,0.142168256168048,-0.179695622147499,-0.107848571277065,-0.024138733105493,-0.158179438624652,-0.165371255912373,-0.269134725662775,0.246117483621555,-0.0131130530172169,-0.0508477303877695,0.113551590938409,-0.163259807191917,-0.180665686224904,-0.0691172142575788,0.060405697725652
"21","sCD40L",0.032043865391638,-0.0201338261154393,-0.0428895597855658,0.274795783217476,0.0671529109118764,-0.170911272810815,-0.0439981700595317,0.0586361231141791,0.245299516397304,0.181419849041309,-0.20852716398367,-0.128252912482188,-0.231541937301349,-0.254772920427796,-0.0513800261225515,-0.110443876460104,0.223290997329314,0.163027517369804,-0.108261823335771,0.259359423800536,0.202336658240536,-0.0136314432930293,0.127698415620555,0.0377948072717611,-0.212696721971458,-0.011694903342248,0.0546277345477396,-0.0533719284460711,-0.195919376647777,0.161583279636469,0.0552674058625916,-0.142330892866743
"22","IL-17A",0.0170854194434074,-0.180298570141601,0.150064360460641,0.0858122072665259,-0.302779813056334,0.0831986757120063,0.0948615370144377,0.0178819091430456,0.0104670371345727,0.0317105276954968,-0.0260010312862919,-0.0510857776172689,0.0482771628611811,-0.178650301602778,0.085479399461852,0.112904121677996,-0.0326978326567276,-0.159267753851463,-0.121394416238616,0.117686215240677,-0.132230996528007,0.20939488102378,0.0488219725797627,0.0840901763036333,0.0502918648896164,0.0701567837774998,0.0253012850136023,-0.0391808272448594,-0.121691516783183,-0.0444914116087268,0.0892997900678378,-0.00284249331326859
"23","IL-1RA",0.114476279829769,-0.11283209394216,0.163306422862394,0.0688497943825323,-0.196987401858746,0.113538219506534,0.0240789607379088,0.0176236236610268,0.062149376463295,0.174924353278615,-0.0385630899854414,-0.17574219593723,0.157976227349419,-0.303801976535701,0.136057879836596,0.108823273872645,-0.177559569695933,-0.209785293455857,0.0533658064910266,0.0669401585243458,0.0360218668807329,0.0699832556785796,0.205208159606698,0.0544608417908544,0.114840410439314,0.124362897063906,0.0192076604929904,-0.140448635600512,-0.0143231329959933,-0.13087739371363,0.00400856562834054,-0.0137608471345041
"24","IL-1a",0.183256685087437,0.16112407424816,-0.00694854907015093,-0.0211983904435819,-0.0814931067972973,0.0631270491721399,-0.101129688846194,-0.0554029317072651,0.0262182166952604,0.0105741174861409,-0.0360938033317148,-0.00328653708620747,-0.0919851256668908,0.119289225569382,0.138320977180509,0.0514733676818017,-0.0218767035173139,-0.183803155243663,0.0478076473732634,-0.000256342622610091,-0.0284420871459854,-0.0488297263572455,-0.10728667145339,0.0828326758089739,-0.00750554713501357,0.0260532113483048,0.0343541654059148,0.0515719132814676,-0.217623896965137,-0.0770407889929754,0.0890412992447032,0.0576721594577605
"25","IL-9",0.103485760532264,0.219565653963386,-0.0618019473689677,0.0500114049847047,-0.178366775229517,0.0963870397505471,-0.113375319315299,-0.14903959556012,0.179478123122434,-0.0772103955639314,0.054022727714437,-0.118133881451085,0.194719636684428,0.00297905797873394,-0.0728955267673934,-0.0826066410400939,-0.00820169105657912,0.0846308183480457,0.0260503528142612,-0.0927453808796148,0.0232037996991908,-0.0284550049833964,0.0744123642561008,0.0337138888403981,-0.0866134768759221,-0.00843173139448696,-0.0498183664449338,-0.0451781305221464,0.096973852223859,-0.060390199320303,0.0273801486560933,-0.00389949348912566
"26","IL-1B",0.175181684683111,-0.17029967146762,-0.040941299151402,-0.0991526891563426,0.117215294176876,0.011022341630085,-0.0359570955976417,0.0216286738507374,-0.011481720504698,0.0520945380511517,0.00541156134025792,-0.00560503904614539,0.0452600198063581,-0.0144115307120138,-0.0138288326209698,-0.0981995506317896,0.0447784322250179,-0.0612375709685599,0.0447182471696613,-0.0609878715904006,0.0753976258487647,-0.0721387830304227,0.0241842695403552,-0.0966106148960823,-0.00167066511384764,-0.0457707330021675,0.171910719224497,-0.125995318519009,-0.0175730589087296,-0.111208478393557,-0.0879078998220098,-0.0498730627881591
"27","IL-2",0.148627635131596,-0.188326889955488,-0.165674457007977,-0.0930976818318717,0.0560170930101229,-0.0766647921528886,-0.0251093018034078,0.0174764227246364,0.00370672199485872,0.0547190364653988,0.00274442377367914,-0.0294590551926455,0.0103339030032872,0.00974705549450532,-0.033403690401745,-0.060173753544387,0.0876477677205546,-0.00800482321936186,0.0294470250988895,-0.00705822899105949,-0.0284695523935179,-0.0567009280800461,0.0163421918874657,-0.0655481778996528,-0.01303011458039,-0.0390012315573429,0.190894168243151,-0.0671044399447325,-0.00945907805911608,-0.112388686682909,-0.0967230080914467,-0.0474941188547523
"28","IL-5",0.135840011306511,-0.194856564884323,-0.117805824282112,0.00704749637610966,-0.213770944578304,0.00311936624208143,0.000576096778509649,0.0273703584556214,0.0639613665903585,-0.000397978256763415,0.00447854453467255,0.00966435538721461,-0.0040658731267102,0.0560180063185543,-0.091318803034216,-0.119893129916903,0.0812982930051496,0.0785940989192047,0.0657856416532859,0.00468325111036219,0.00320311146531162,-0.0906561761558798,-0.0138078716120541,-0.0573396275893346,-0.0630318200024713,-0.0524980901086145,0.149867113192227,-0.0188061022055908,0.0308179615424184,-0.108920791416272,-0.103967571246957,0.0577974119989522
"29","IL-6",0.214532494866703,-0.0210849430714259,-0.0342633251206332,-0.0173243371723304,0.0216449373743935,0.0142420165444264,-0.0263787731558149,0.0205612334155241,0.0223623073011292,0.0587686802226499,-0.0823549824481469,0.110256709071373,-0.0775529465380519,0.0330094477510894,0.0255928643832192,0.00255148083396852,0.00513208043422239,-0.161112123228321,0.0046035066417701,-0.0327143418611708,0.0242052262612412,-0.273842375808607,0.017408308957998,0.0873595486801769,-0.196233516351486,0.143546435947712,-0.107041003431128,0.104908779109656,0.0941132075161631,-0.0314168663291811,0.0315151906794444,0.0705033775060157
"30","IL-7",-0.0493360164611384,0.0130581769037981,0.0081764704248488,0.133488760699117,-0.0129370817617619,-0.300144611434992,-0.396297664182636,-0.0722098762216149,-0.157678240457575,0.123532447004087,0.0992176031270144,0.172333076718038,0.0312263762616511,-0.00988806403846661,-0.0673326840605774,0.00325725705726915,0.0120766113766762,0.0165851117932563,0.00062066754307214,0.0246208984480151,0.0744410341313428,0.000433267509718732,-0.0234046062029076,-0.0150850356153739,0.0805252856965282,0.0907111333774228,0.113248396546032,-0.0427505129358719,-0.155028994472376,-0.086642465010679,0.0184895003256414,-0.0527915024086406
"31","IL-8",0.212639927266276,-0.013816424069416,-0.0701003252248138,-0.00820645533053466,-0.0547716944461781,0.0664430656575492,-0.0602930479846126,-0.00989507959284619,-0.0265502406762277,-0.0143308241784236,-0.00580042546165175,-0.053453799324321,0.0351016630467779,-0.0391078177023237,0.0307122613023959,-0.0742488102464748,-0.0422297405843079,0.0225982290154875,-0.0662451706289982,0.0112760033547552,0.0136109060940549,0.00135913161495274,-0.107801818934144,0.157683979116062,0.0798318093214458,0.206506578797295,0.01659044236563,-0.189150807602315,0.0271240513604101,0.0635770211771051,0.0372288006544627,0.0376866520277545
"32","IP-10",0.120658685498089,-0.194060928477276,-0.23379894043496,-0.0314133622301341,0.0424785625153749,-0.0629216503597269,-0.0114633391654593,0.0243988856417234,0.0394160769348771,0.0591809137622155,0.0174074304408981,0.0223565876657275,-0.00388730631671254,0.0512741837634557,-0.0265503344792953,-0.0472108655750696,-0.0549656644161838,0.0132178490473072,-0.013977272254082,-0.114241847974033,0.084010845323379,0.228486639579537,0.0376649157943029,0.0555013061400085,0.213084710615592,0.0313533450432047,-0.0146486221418234,0.0973967345398957,0.0187983502853946,-0.0877631691711851,0.10318216093357,-0.0557887770507813
"33","MCP-1",0.00362751638766277,0.0256979208694478,-0.137050800092564,0.281014073432484,-0.0514928367421047,0.0626494729859861,-0.0181349580062006,-0.221939993642489,-0.044388721144919,-0.22825736584132,0.0282170255710467,-0.316883223355559,-0.146906382821073,0.00983154745245075,-0.00703934569892732,0.0133315402356551,0.0880790183138843,-0.0844036435130806,-0.257550261299329,-0.067066302211525,0.188975685297393,-0.163487476477176,-0.109205396734113,-0.37428131641042,0.0106255648275936,0.105108737890553,-0.24373107780099,-0.13083488759366,-0.158241643498935,0.0312109497015004,-0.150771324838281,-0.0201575119921975
"34","MIP-1a",0.187924112360462,-0.141875609193204,0.07764342618915,0.0173307293487922,0.0794334472067634,0.0116140078671011,0.0508509634785769,-0.0812811246940577,0.0376774398806416,-0.0710005230261175,-0.053197981862989,-0.0488942487549814,0.134071594837441,-0.0653919876299043,0.0981698281941134,-0.014223082467753,-0.0378920800126438,-0.102652280139507,-0.0493923484099573,-0.0202961927350018,0.0319866276483674,-0.0365943375740669,-0.104268674853485,-0.0117430641309461,-0.0282307974779889,-0.097797903846728,-0.102414771865169,-0.0479494419394914,0.241865814447055,0.0489017057656934,0.158862528860147,-0.0676651230751602
"35","MIP-1B",0.00220584574599064,0.0313338686837715,-0.0819877374155162,0.318772758662427,0.118527870586448,0.0367639706019512,0.0985738671074007,-0.0986228882555894,0.0538461834686438,-0.03747296396403,0.0794981203163974,0.119499928149338,0.0494111882612553,0.218426497813262,0.257233002291747,0.0761559157965863,0.0412789316536739,0.13708100539433,-0.262404572535368,0.0168002881377888,0.289005107992937,-0.151588397099573,0.131555616331308,0.41209317149174,0.0709880835343394,-0.156017760295417,0.238218923087777,-0.0653951584054487,0.264910535944977,-0.148012743019012,-0.162402745314126,-0.0351586074660648
"36","RANTES",0.104373907128348,-0.192908676023544,0.0841023942775727,0.0389021111179767,-0.0086897010588162,0.0235386272308952,0.125161791545049,0.00122495450621158,-0.107541803053198,-0.249568680593991,0.217674522546561,-0.0245425380614228,0.0197888296227777,0.254629541671073,0.215266858234208,0.478381096991628,0.281649109860843,0.101147565623323,0.0311058821925043,0.00355523399302559,0.140266744125174,0.23071471808932,0.128749908394374,-0.12659248552208,0.0473328639212238,0.107710532963362,-0.00680264572244705,0.0222164380994351,-0.100054972835835,0.0174713179778809,0.0100517473619792,0.00455930541133222
"37","TNFa",0.102534877915013,-0.1733928605043,-0.190040536397563,0.101508150025678,0.0325203953125996,0.00490541075810596,0.101527213108511,-0.0986172073773529,-0.00705187128868024,-0.0576732644257163,0.248541937850987,-0.10724560613899,-0.133513946077733,-0.101870775898514,-0.0263435791402931,0.122169209938646,-0.328676306408526,-0.0686503632542294,0.0020541608036088,-0.0914610732600089,-0.276276894182137,-0.0732183358335953,0.161033455421103,0.0594282937995443,-0.389157084935972,0.186102280701864,0.0422991173450728,0.118351427168951,0.105201963199954,0.0825552299700965,-0.153908730530877,0.00563836994325396
"38","TNFB",0.207127841118357,-0.0323363669174343,0.0263068775754695,-0.0897145895993407,0.0604859360964689,0.0741489931372405,-0.0756803926267787,0.0257151221455999,-0.0134195461339837,0.0529175579430072,0.0237964349423527,0.0211560147511589,0.0290159331135523,0.0154116115594093,0.0293078091483037,-0.0662676940857702,0.0035979083846708,-0.133741522982064,0.0566970362564526,-0.0804942451933639,0.126604872933979,-0.0682994269668744,-0.0127632189279458,-0.0542675586354966,0.0208694625604685,-0.00629620888954599,0.173232732187553,-0.10694417652768,-0.129798558061156,-0.0954134215580174,-0.0272764909331419,0.0111216697669636
"39","VEGF-A",0.123083003849089,0.0858105081048649,0.00249667451601062,0.180466029519373,0.0742407911263337,-0.231321683566014,0.229372705247671,0.0613012749855242,-0.0499988039541075,0.0836247386215673,-0.0196432746443105,0.0141408012894155,0.154096752875561,-0.127752613571631,0.138512209541191,-0.0106098649057058,-0.125258186999472,-0.189742479791904,-0.116706420944014,0.0309089426104057,0.105272590090257,0.109013020919106,0.040238055249075,0.00927030022855225,0.095662469591828,-0.0112351607217179,-0.105220347540097,0.0540004016595441,-0.0602806218944001,-0.00631017837205564,0.0545510286866556,0.105196526069028
"40","IL-18",0.136588953710221,-0.15741805980684,-0.174847600720171,-0.0680868203371413,0.025158851562117,-0.0251995759495105,-0.0415108556116038,-0.0367590049341082,0.108171923733677,0.0920117799046644,-0.139873420400758,0.143045984046924,0.00174108263324291,0.116544685295517,-0.171945812305136,-0.00599399685215855,0.225913467427426,-0.121041725847585,0.178198329296189,-0.130367312132475,0.26017903416836,0.305788211382598,0.136964183479044,0.225712025083424,-0.0980637290580143,0.0204168830899485,-0.504746582075732,0.0553513691327223,-0.0499902741013257,-0.0639382380931261,-0.0632957447956192,0.0379035626009937
"41","Eotaxin-2",-0.0184398122239213,0.0324738194027408,-0.130866620594253,0.144539526662685,0.0649078046764713,0.220740734673558,0.0733131523818368,-0.126619499302964,-0.524754940455093,0.00878001782097149,-0.0755143472902933,-0.0883068709050587,0.109482219577961,-0.0536593259660569,0.0252502651325359,-0.0502293456418889,-0.0795530761267485,0.170262151098501,0.28459661739272,0.15600432558242,0.047489501281367,-0.0174418237485142,-0.20227628092626,0.297598442494124,-0.111084238629311,0.11684394006451,-0.0457267254198459,-0.0833633831240876,-0.138072086532852,-0.156162283787272,-0.0246215319019842,-0.0301638071779281
"42","MCP-2",0.0814098626889163,0.128525073502679,-0.121705918954166,0.259175613265781,0.00484197043899461,-0.0118852454830569,-0.101212114618209,0.104581896176243,0.0538309995771043,0.113083434078048,-0.151260051217473,0.108147866449113,-0.0883562641713317,-0.128727561620698,0.101802339674819,0.11116149038721,-0.18200453328248,0.0973994266071032,0.199282632963308,-0.0526543797558148,-0.0642733129702189,0.312823309384364,-0.356463778272202,-0.116043204556029,0.060015034065512,-0.0971456382213684,-0.122126729511087,-0.0941927356825023,0.261238569226318,-0.0374888395038212,-0.314405747782244,-0.109267440259074
"43","BCA-1",-0.00517964133706708,-0.0366714809240825,0.0219020998010359,0.0523714025230575,-0.0166869945825948,-0.327026608305773,-0.393791642795817,-0.126829729601857,-0.234125109452709,-0.0152013237726974,0.183319861449257,0.0626606342673099,0.118530646917589,-0.0190474234100061,0.0375634691339805,0.10160682883683,-0.0476760488138777,-0.0584441572006581,0.0924992148714819,0.128565898859322,-0.052969550007447,-0.0770751064066303,0.165137933579794,-0.0766174056430066,0.0358728738747162,-0.00961900204870096,-0.148219560869202,-0.069272578614147,0.252973232682917,-0.078911170065014,0.0562967482772204,0.0324980060832286
"44","MCP-4",0.148669128599056,0.0453475230698143,-0.192758704311072,0.0725652486904854,-0.00716104050198709,-0.0679358689930343,0.158901662896095,0.00980715261711185,-0.236642205879307,-0.0671666469618381,0.0640653004187893,-0.108689996060072,0.0505074988038001,0.0597165531393445,-0.0132470008664888,-0.100386129678973,-0.00414324540110571,-0.140137086157964,0.194390011735063,0.109431499978487,-0.0934843671165298,0.0659821966143518,0.251130801900996,-0.177383630561041,-0.0982176912875759,-0.51056723070603,-0.0296120618902975,-0.183883189684386,-0.143718756312546,0.130700010103819,-0.105745272181692,-0.0582613393471325
"45","I-309",0.121931812824305,-0.178794803336555,-0.23636750875013,-0.0635089096161749,0.0501821474006338,-0.0278837485172197,-0.00988667339557842,0.045366118317489,-0.0981364565449154,0.012849987098131,-0.0345087894926183,-0.0391760223029034,0.0034545122156802,-0.0722099165645939,-0.153232643686732,-0.0049885959658362,0.0617662556248848,0.0555836744286482,0.0108329547781351,0.00931428998854756,0.0349292102222175,-0.0246707759748168,0.00768687784376489,0.081783676757017,0.121068651927501,0.182759856637695,0.155692870945623,-0.0956724923795823,0.0571538864975411,0.285899513643815,0.230359448408582,0.0766577843915789
"46","IL-16",0.19122435917361,0.107362067928765,-0.0076083961544185,-0.0673850971329128,-0.0306241385568885,0.0267728153482398,-0.0378603263726343,0.0397460050523046,-0.0180411200120464,0.0437713351618922,-0.0611417339695838,-0.0259925282473559,-0.288303006276758,0.17620628731004,0.201047945702337,0.0978610597201251,-0.0835522882539042,-0.086595637309614,0.0334614465725134,0.152430981957367,0.0712720052024922,0.00761616476803679,-0.161793137202666,0.014423683294249,0.0852764932441214,0.0553678881688833,0.0358483443972323,0.053571262675791,-0.0712228827116704,0.0911438025765992,-0.0214774005081313,-0.0533453506914746
"47","TARC",-0.048192188458568,-0.0394348147791038,-0.143618266251523,0.184506705488297,0.106090070336328,0.200063356615195,-0.112437460325694,0.334151345581274,-0.127402535787016,-0.0671464052473998,0.0944047179518185,-0.206878711775652,0.186707280590267,-0.0938381240577542,-0.0137498669279179,-0.0572188001906894,0.135956693507835,0.136284054082093,0.105192195091654,0.114515718488696,0.0767617161634858,-0.036557655368801,-0.0213340363333104,-0.144175921308719,-0.0212722668305822,0.144456035011097,-0.033149931913409,0.342540509396118,-0.0282850353743761,-0.208654449923085,0.170247467459909,0.0206751494587368
"48","X6CKine",0.0840644158332834,0.0946264618375802,-0.112820979662388,0.0389116716660306,-0.0697368375098014,0.231336914574387,-0.0698401071468308,0.154452491157014,-0.282925432671047,-0.172317924136001,-0.156141316753434,0.105731306709644,-0.259014197913069,-0.138157576714033,-0.41920467413995,0.176548388459349,-0.0971772108758331,-0.143925276917381,-0.328076137237783,-0.0857298135841059,0.013649419078181,-0.0698135152777811,0.14987229406926,0.0976060816230919,0.22517774358181,-0.262178050312619,-0.0675478480066362,0.0802084628248741,0.0676755728919132,-0.156653913078472,0.0884360316910263,0.00035194771370557
"49","Eotaxin-3",0.0934266965864124,0.243139528502723,-0.0367351677377961,-0.0121809848648395,-0.188860538450834,-0.0758414098498095,0.0691411762842354,0.166143779861817,-0.0380069298278519,0.0394241764515608,0.168805733869911,0.14026553470539,0.193190451759647,-0.0434390451718209,-0.0320928842592326,0.0933331417718293,0.0687044212686075,-0.013463403318201,-0.0496583316119563,-0.197510654668355,0.0321973643655387,-0.118109493598454,-0.0466544694168313,0.0622888547204248,-0.0682667588127142,0.0916170189332099,-0.0561133215949047,-0.00885678145213189,-0.140119776144277,0.0926192820024394,0.0534947744308275,-0.736923580966331
"50","LIF",0.133783506107741,0.211514675224196,-0.102315083169542,0.0101906748587871,-0.189269332075644,-0.00608931874472576,-0.0238365921881823,0.00137514867297466,0.0898688732645185,-0.0192639816861482,0.10108196901993,-0.0067488160375812,0.175278317699465,-0.0041921544395846,-0.0622534052651673,0.0233600843288565,0.0626568347893145,0.0241213697107332,0.0255816077010253,-0.131812337482435,-0.00318327065701464,-0.0516661123418153,-0.0265584289860469,0.0244041031248647,-0.0975742035054333,-0.00958515634601139,-0.000423779734972676,-0.111784200752628,-0.0313296355608068,-0.0305700255398225,0.0146873447729095,0.196115843781554
"51","TPO",0.162333505124531,0.0449199486224883,0.169607925387188,-0.0420802905406525,0.11778959574397,0.151777484586178,-0.0385915374874103,0.0633361717079018,-0.215265232951448,0.0212298208667297,0.0221437796046139,0.00893372598161074,-0.00373551075809413,-0.1410694598686,0.0172391559145834,-0.0345474176889448,-0.0210124981820273,0.168814862402068,-0.0698169190307039,-0.00602988586172849,0.0782138963559583,0.055808761700395,-0.048317463876338,0.0873976769446117,0.104936150370519,0.0308070168448151,0.0213571996536269,0.0863657711478961,-0.0658801469110786,0.391975858656811,-0.097246760101923,0.0694620537507228
"52","SCF",0.0625630042537121,0.180620956948027,0.026555164301482,0.0484668469474439,-0.0399658104607422,-0.270423694626918,0.296420595352398,0.155455317163489,-0.183969961930689,-0.0226200669285957,-0.167933321413052,0.0545020372512853,0.0190497694414212,0.00791257457841004,0.00185385589891158,-0.0190689996025257,0.0361256652055222,-0.113022737340526,0.10604271015535,-0.121249958478518,0.105001047616748,0.0770669297107911,-0.00810234367493035,-0.152187283067966,-0.141538539975218,-0.02913219702344,0.346253500211703,0.273320989007747,0.0717371048601291,-0.156708468170598,0.0805174812491602,0.0452079012290246
"53","TSLP",0.140695605860766,0.226076614666652,-0.00126066846515426,-0.0037033664318342,-0.148766009622376,0.0891259204886316,-0.0958803466577542,-0.0121423970331218,0.0977684406465567,-0.0147049426841379,0.111646374833173,-0.0289304799225767,0.134648742228404,-0.00790305715209102,-0.0790049035112582,-0.0218300753224472,0.0155365890103868,0.14182027251406,-0.0368310573156387,-0.0038476822984739,0.0480831012267483,0.0360126858108927,0.0708447642506816,-0.0162490907846439,-0.0661956629403592,0.00626064061562279,-0.011778195356524,-0.0159049789510123,0.0946521022028954,-0.00242004282042157,0.012338756265355,0.145515743918596
"54","IL-33",0.150757256970909,0.0489495583727372,0.217657992032907,-0.0630805682793012,0.110225123699885,0.129143360862637,-0.0679410187923624,0.0822167897426592,-0.0500498938990983,0.0469732415800858,0.0616409853314109,0.0711941694650401,0.0107248276677272,-0.0577075356922248,-0.043775894349286,-0.0368337355998598,0.0496772662256594,0.201245258547904,-0.0980432674870666,0.132533110440395,0.00190038966012723,0.107186713142451,0.149458519234015,-0.137213113229868,-0.0804771190877354,-0.03835103334743,-0.0453872339078251,0.0123919806140965,0.133024847493425,0.034025770117128,-0.139186916348355,-0.0393067616533068
"55","IL-20",0.183065355025919,0.147020858467762,-0.0281525724868829,0.000426752405180739,-0.0830702924282019,0.039525921822152,-0.0463074352524883,-0.080799156431174,0.080411787323859,-0.0830739764223026,0.117916153755215,-0.0217827718250367,0.0176954141616998,0.048676665338406,-0.180637297882891,0.0608591457813473,0.00791974273776875,0.126208662314414,-0.0888926997368591,0.0948411701454303,-0.00884971453506391,0.339649618648419,-0.179244910240626,-0.0334006865496107,-0.0166204752491457,-0.114127345279264,0.233577329458283,-0.245459363493028,-0.00270269118911754,0.030258766691765,0.27273033295104,0.102497186313912
"56","IL-21",0.101349401984497,0.243826220742637,-0.0178502942434867,0.0821655775735249,-0.122322431654052,-0.147779437937682,0.147639341137679,-0.0222814106865146,-0.00565944091960238,-0.0703725332406675,-0.0977937641663558,-0.123618196653914,0.0709172284058981,-0.0625246911471947,0.0103850704926415,-0.199170532442163,-0.0227918601375743,0.03738676441282,0.147862609323088,-0.0149426984707522,0.163012900032533,-0.0188429970248119,0.249551064439384,-0.040216800147212,0.283340336420311,0.178384552734302,-0.016203995491141,0.115262606326904,0.152549913851173,0.192701184426285,-0.184729156015878,0.173599798695014
"57","IL-23",0.151128312804553,0.0556309919008788,0.219142211848713,-0.050792288122202,0.120719309211829,0.110434348975832,-0.0434180454904771,0.0839026615199495,-0.0789551611939929,0.0379061999048905,0.00472323931065197,0.143844233803964,0.00479242135721358,-0.0217626528674625,0.014704413743386,-0.0587901998865675,0.0327778837241713,0.109596485454012,-0.114487451559843,0.166033730215908,0.00324223709522639,0.0190568083384679,0.143971211983445,-0.163430324196235,-0.157301365591019,0.0438175753020129,-0.136312788778357,0.0724466227502101,0.165617332891173,-0.00989247655358012,-0.0445965607196182,-0.0799550031447146
"58","TRAIL",-0.0930036953488167,0.0337355241975953,-0.125464256767308,0.112634104667128,-0.0689717358702999,0.17490704369435,-0.196336509270316,-0.145742649409069,-0.131962287754727,0.162024680122549,-0.318195540262909,0.11307426625285,-0.0620180961063982,-0.190855633731294,0.320496273476658,0.198901527128751,0.200629122657577,0.0473182182314399,0.0291611843126804,-0.403939927750184,-0.0393440503018967,0.0250058473186289,0.176637819407588,-0.159009073839437,-0.191762999727778,-0.0501374867401465,0.146834291569228,-0.00844028983498477,0.0842010393449037,0.149797636627357,0.223528425084254,0.089356979379438
"59","CTACK",-0.0988951506827897,-0.0438992094562742,-0.165693741472372,0.05165441634776,-0.100516574320263,0.196120346427744,-0.00323775342650858,-0.0216201851061604,-0.125560204501152,0.156316970599155,0.299221369848502,0.113709229318877,-0.110837622378593,0.106097764405239,0.240272054760832,-0.529551925881149,-0.0109996362735538,-0.0646700392513169,-0.241633706921445,-0.205128818778664,-0.0556397356194861,0.296582433490038,0.00874640568569996,-0.110808510577045,0.0491621701981993,0.0668963410630559,-0.0112290153370585,0.0817083447194734,0.0224732360956133,0.0222640788614398,0.014995863105153,-0.0424467910486459
"60","SDF-1a-B",-0.0242933103013585,-0.0433423904673186,-0.20214600077717,0.108181589372311,0.00849423249746071,0.218488121051753,0.0508644408726369,-0.00869085884015426,0.120982928925961,-0.0416396734410278,-0.331892828367759,0.367594333844878,0.364152102802361,0.255299491120355,0.0152519985037008,0.0361088798496466,-0.192090939134425,0.127152850279879,0.0132423299929469,0.172481770433382,-0.203311241066738,-0.0988614065012485,0.204675157592985,-0.171657783313444,0.128115122531089,0.0708636685450803,-0.0188750903786667,-0.0475867635169906,-0.207112683166906,0.155291357762484,-0.000421175105043313,-0.0325336557292307
"61","ENA-78",-0.0245221447223024,0.0223607028955254,-0.0420987861119494,0.135341321707648,0.0381612876089467,0.0222143974706624,-0.195711193615131,0.511372208554817,0.091904176818836,-0.217284569519981,-0.0374539342754753,-0.102479293554767,0.0106587841036729,0.0122131156396807,0.219014572157523,-0.106791977464607,0.332568443491193,-0.208993604045097,0.0348039100423367,0.00730270740725775,-0.339764992176543,-0.0697324571636072,0.0186665125225125,0.14835304054677,0.149987487977162,0.00567221412195292,-0.0191796188217253,-0.192073993731308,0.0902555478017947,-0.0179886352219772,-0.0836623278680637,0.0321929209528637
"62","MIP-1d",-0.0444538190115313,-0.0306089023421079,-0.110326141719326,-0.0687750328128993,0.0700925385417166,-0.00477685122103497,-0.1690473965125,0.116013872121504,0.192118926213057,-0.613434571113374,0.0710696117179813,0.259634787613225,-0.0184744056557012,-0.322620644585369,0.129994703681761,-0.0410215394288046,-0.235320905423444,-0.0161769979356977,0.0986866539741161,-0.00903115656013188,0.233722098065663,0.154549887732543,-0.00289531962094129,0.0586613990453809,-0.193683512006173,-0.00653115686013972,0.108038648872311,0.0622811387543406,-0.140553829798678,0.0503636469190256,-0.0490643040765823,0.0167154803837755
"63","IL-28A",0.189766673110952,0.137860727983045,-0.0107818934580213,-0.042782826418171,-0.0514487561829459,0.066280211483234,-0.07228342595315,0.0205782561144497,0.0189195156456707,0.063069053443817,-0.0661893269439222,0.0194555037692637,-0.202427942418726,0.127830991771514,0.117867818006394,0.0967620673195538,0.030060113584511,-0.029943752437239,0.0809427473130095,0.178953790930049,-0.085899521971684,0.0105463996472207,-0.0635455052397099,-0.0620598470107951,-0.0956108954375374,-0.025431381134224,-0.00180515601417771,0.0152131396515449,-0.0675489815923392,-0.0828222521759595,-0.0948478463713046,0.0621744371252091
